{"wer": 0.09444444444444444, "cer": 0.028023489388830723, "num_files": 5}